{
  "db_id": "mister_retrospin",
  "timestamp": 1744829448,
  "files": {
    "retrospin/retrospin_launcher.py": {
      "hash": "c3d7b015a1637bef7df358a044839825",
      "size": 6791,
      "url": "https://raw.githubusercontent.com/towerwatchman/MiSTer_RetroSpin/main/retrospin_launcher.py",
      "tags": ["retrospin", "utility"],
      "overwrite": true,
      "reboot": false
    },
    "retrospin/save_disc.sh": {
      "hash": "a2f8caf7a5164cf9324289acff71bebe",
      "size": 4332,
      "url": "https://raw.githubusercontent.com/towerwatchman/MiSTer_RetroSpin/main/save_disc.sh",
      "tags": ["retrospin", "utility"],
      "overwrite": true,
      "reboot": false
    },
    "Scripts/retrospin.sh": {
      "hash": "bccf3696b80bcfb10d672ad6a5097ed6",
      "size": 2237,
      "url": "https://raw.githubusercontent.com/towerwatchman/MiSTer_RetroSpin/main/retrospin.sh",
      "tags": ["retrospin", "utility"],
      "overwrite": true,
      "reboot": false
    },
    "retrospin/games.db": {
      "hash": "22710be22fbaba567d04aa8882a08d97",
      "size": 2453504,
      "url": "https://raw.githubusercontent.com/towerwatchman/MiSTer_RetroSpin/main/games.db",
      "tags": ["retrospin", "utility"],
      "overwrite": true,
      "reboot": false
    }
  },
  "folders": {
    "retrospin/": {
      "tags": ["retrospin"]
    },
    "Scripts/": {
      "tags": ["retrospin"]
    }
  },
  "default_options": {
    "filter": "retrospin"
  }
}
