{
  "db_id": "mister_retrospin",
  "timestamp": 1744488804,
  "files": {
    "retrospin/retrospin_launcher.py": {
      "hash": "dbaa58080e0eaf419bacf6d46eaf64f4",
      "size": 17864,
      "url": "https://raw.githubusercontent.com/towerwatchman/MiSTer_RetroSpin/main/retrospin_launcher.py",
      "tags": ["retrospin", "utility"],
      "overwrite": true,
      "reboot": false
    },
    "retrospin/save_disc.sh": {
      "hash": "c94e4c52604e2517f22ae3b33e82c2c2",
      "size": 9382,
      "url": "https://raw.githubusercontent.com/towerwatchman/MiSTer_RetroSpin/main/save_disc.sh",
      "tags": ["retrospin", "utility"],
      "overwrite": true,
      "reboot": false
    },
    "Scripts/retrospin.sh": {
      "hash": "ec01c6ee52021be8abf70cd643796460",
      "size": 745,
      "url": "https://raw.githubusercontent.com/towerwatchman/MiSTer_RetroSpin/main/retrospin.sh",
      "tags": ["retrospin", "utility"],
      "overwrite": true,
      "reboot": false
    },
    "retrospin/games.db": {
      "hash": "22710be22fbaba567d04aa8882a08d97",
      "size": 2453504,
      "url": "https://raw.githubusercontent.com/towerwatchman/MiSTer_RetroSpin/main/games.db",
      "tags": ["retrospin", "utility"],
      "overwrite": true,
      "reboot": false
    }
  },
  "folders": {
    "retrospin/": {
      "tags": ["retrospin"]
    },
    "Scripts/": {
      "tags": ["retrospin"]
    }
  },
  "default_options": {
    "filter": "retrospin"
  }
}
