{
  "db_id": "mister_retrospin",
  "files": {
    "media/fat/retrospin/retrospin_launcher.py": {
      "hash": "55af2f75d4a0fb66dc4d946b9af75b0f5474aac3869046c32eeb21dccd0d2e66",
      "chmod": "0755"
    },
    "media/fat/retrospin/save_disc.sh": {
      "hash": "fe651b239bc75e2f02e4c5ee8ca3f507f099896341b23e6f6870b01b38f375d3",
      "chmod": "0755"
    },
    "media/fat/Scripts/retrospin.sh": {
      "hash": "c75cd6e87e92eb03e155676fde1e5aa3a590a2a349be76cb06597d382515d643",
      "chmod": "0755"
    },
    "media/fat/retrospin/games.db": {
      "hash": "a4a30de67af72ba485138f3138fc7fdc0115db1eae832139411cc2c974a00312",
      "chmod": "0644"
    }
  }
}
