{
  "db_id": "mister_retrospin",
  "timestamp": 1744496512,
  "files": {
    "retrospin/retrospin_launcher.py": {
      "hash": "8fa69eb29ad9a94b599129920feeb290",
      "size": 6603,
      "url": "https://raw.githubusercontent.com/towerwatchman/MiSTer_RetroSpin/main/retrospin_launcher.py",
      "tags": ["retrospin", "utility"],
      "overwrite": true,
      "reboot": false
    },
    "retrospin/save_disc.sh": {
      "hash": "0548b46e57003859f72d139e1e4e9733",
      "size": 10188,
      "url": "https://raw.githubusercontent.com/towerwatchman/MiSTer_RetroSpin/main/save_disc.sh",
      "tags": ["retrospin", "utility"],
      "overwrite": true,
      "reboot": false
    },
    "Scripts/retrospin.sh": {
      "hash": "ec01c6ee52021be8abf70cd643796460",
      "size": 745,
      "url": "https://raw.githubusercontent.com/towerwatchman/MiSTer_RetroSpin/main/retrospin.sh",
      "tags": ["retrospin", "utility"],
      "overwrite": true,
      "reboot": false
    },
    "retrospin/games.db": {
      "hash": "22710be22fbaba567d04aa8882a08d97",
      "size": 2453504,
      "url": "https://raw.githubusercontent.com/towerwatchman/MiSTer_RetroSpin/main/games.db",
      "tags": ["retrospin", "utility"],
      "overwrite": true,
      "reboot": false
    }
  },
  "folders": {
    "retrospin/": {
      "tags": ["retrospin"]
    },
    "Scripts/": {
      "tags": ["retrospin"]
    }
  },
  "default_options": {
    "filter": "retrospin"
  }
}
